{
    "SS1": {
        "x": [
            1,
            2,
            3,
            4,
            5,
            6,
            7,
            8,
            9,
            10,
            11,
            12,
            13,
            14,
            15,
            16,
            17,
            18,
            19,
            25,
            30,
            35,
            40,
            45
        ],
        "gains": [
            0.7564102564102564,
            0.9667201742674086,
            1.1376603452075797,
            1.1763108055474996,
            1.2440927076697914,
            1.2730155134606136,
            1.2858360262811261,
            1.3181913982591498,
            1.324623663123765,
            1.3431534596826038,
            1.3610344177371634,
            1.3610344177371634,
            1.370013889020486,
            1.370013889020486,
            1.3796292736358706,
            1.3796292736358706,
            1.380654113236589,
            1.3816601342338826,
            1.3895705004957548,
            1.4017710489485873,
            1.4017710489485873,
            1.4017710489485873,
            1.4017710489485873,
            1.4017710489485873
        ],
        "depths": [
            0.21367521367521367,
            0.4230769230769231,
            0.6282051282051282,
            0.8333333333333334,
            1.0341880341880343,
            1.2264957264957266,
            1.4188034188034189,
            1.6111111111111114,
            1.7991452991452992,
            1.9871794871794872,
            2.1709401709401708,
            2.3547008547008548,
            2.5384615384615383,
            2.7179487179487176,
            2.893162393162393,
            3.0598290598290596,
            3.2222222222222228,
            3.3846153846153846,
            3.5384615384615383,
            4.444444444444445,
            5.17948717948718,
            5.880341880341881,
            6.564102564102565,
            7.247863247863248
        ]
    },
    "SS2": {
        "x": [
            1,
            2,
            3,
            4,
            5,
            6,
            7,
            8,
            9,
            10,
            11,
            12,
            13,
            14,
            15,
            16,
            17,
            18,
            19,
            25,
            30,
            35,
            40,
            45
        ],
        "gains": [
            1.15122393205853,
            1.254999552187068,
            1.2716012087835395,
            1.2962663983137481,
            1.314936537455644,
            1.328001074246405,
            1.3497240440825877,
            1.3510104970555112,
            1.3510104970555112,
            1.3521329309659267,
            1.3774925214991185,
            1.3774925214991185,
            1.378498542496412,
            1.379566918564788,
            1.3816601342338826,
            1.3816601342338826,
            1.3816601342338826,
            1.3895546544937771,
            1.3914526214455425,
            1.4017710489485873,
            1.4017710489485873,
            1.4017710489485873,
            1.4017710489485873,
            1.4017710489485873
        ],
        "depths": [
            0.6495726495726496,
            0.8931623931623932,
            1.106837606837607,
            1.3247863247863247,
            1.5256410256410255,
            1.7222222222222223,
            1.9188034188034189,
            2.1025641025641026,
            2.282051282051282,
            2.4615384615384617,
            2.641025641025641,
            2.8119658119658113,
            2.9871794871794872,
            3.1623931623931623,
            3.3333333333333335,
            3.4914529914529915,
            3.6495726495726495,
            3.8119658119658113,
            3.9743589743589745,
            4.8760683760683765,
            5.581196581196582,
            6.273504273504273,
            6.957264957264957,
            7.641025641025641
        ]
    },
    "SS3": {
        "x": [
            1,
            2,
            3,
            4,
            5,
            6,
            7,
            8,
            9,
            10,
            11,
            12,
            13,
            14,
            15,
            16,
            17,
            18,
            19,
            25,
            30,
            35,
            40,
            45
        ],
        "gains": [
            1.15122393205853,
            1.2882905072309538,
            1.3022829375752307,
            1.3135604191802457,
            1.3470451451263363,
            1.3470451451263363,
            1.3615267556108839,
            1.3615267556108839,
            1.3615267556108839,
            1.3615267556108839,
            1.3814490395145758,
            1.3814490395145758,
            1.3889712581460112,
            1.3899960977467298,
            1.3910644738151057,
            1.3910644738151057,
            1.4007822531658531,
            1.4007822531658531,
            1.4017710489485873,
            1.4017710489485873,
            1.4017710489485873,
            1.407580481677275,
            1.407580481677275,
            1.4187192857074953
        ],
        "depths": [
            0.6495726495726496,
            0.9658119658119658,
            1.205128205128205,
            1.435897435897436,
            1.7735042735042734,
            1.9572649572649572,
            2.2393162393162394,
            2.4188034188034186,
            2.5982905982905984,
            2.773504273504274,
            3.02991452991453,
            3.2008547008547006,
            3.4401709401709404,
            3.6709401709401708,
            3.8974358974358974,
            4.055555555555555,
            4.303418803418803,
            4.457264957264957,
            4.6923076923076925,
            5.581196581196582,
            6.286324786324786,
            7.1581196581196584,
            7.82051282051282,
            8.675213675213675
        ]
    },
    "SS4": {
        "x": [
            0.1,
            0.15000000000000002,
            0.20000000000000004,
            0.25000000000000006,
            0.30000000000000004,
            0.3500000000000001,
            0.40000000000000013,
            0.45000000000000007,
            0.5000000000000001,
            0.5500000000000002,
            0.6000000000000002,
            0.6500000000000001,
            0.7000000000000002,
            0.7500000000000002,
            0.8000000000000002,
            0.8500000000000002,
            0.9000000000000002,
            0.9500000000000003
        ],
        "gains": [
            1.0235237198837341,
            1.1113025044888691,
            1.1754584857987338,
            1.1789522010350924,
            1.2158307298881166,
            1.2357050633486752,
            1.2618514607217686,
            1.2829926170336778,
            1.2844171184581792,
            1.2953730138885262,
            1.2963790348858193,
            1.3039012535172547,
            1.3316362279480858,
            1.3453681063016203,
            1.3453681063016203,
            1.3851956512712726,
            1.3911440984288082,
            1.3911440984288082
        ],
        "depths": [
            0.5683760683760684,
            0.6752136752136751,
            0.8034188034188036,
            1.0,
            1.1623931623931625,
            1.4444444444444444,
            1.670940170940171,
            2.051282051282051,
            2.269230769230769,
            2.7820512820512824,
            3.1196581196581197,
            3.5085470085470085,
            3.8803418803418803,
            4.662393162393163,
            5.081196581196581,
            6.534188034188034,
            7.282051282051282,
            7.602564102564102
        ]
    },