{
    "SS1": {
        "x": [
            1,
            2,
            3,
            4,
            5,
            6,
            7,
            8,
            9,
            10,
            11,
            12
        ],
        "gains": [
            0.3974358974358974,
            0.5592127573260148,
            0.6190418171550746,
            0.609839326597951,
            0.6032264580982151,
            0.5978985728209585,
            0.5644227893451748,
            0.5367859091139465,
            0.512986529114871,
            0.48395651450602317,
            0.45594301355387973,
            0.42880371172036685
        ],
        "depths": [
            0.21367521367521367,
            0.42735042735042733,
            0.6410256410256411,
            0.8547008547008547,
            1.0683760683760684,
            1.2820512820512822,
            1.4957264957264957,
            1.7094017094017093,
            1.9230769230769231,
            2.1367521367521367,
            2.3504273504273505,
            2.5641025641025643
        ]
    },
    "SS2": {
        "x": [
            1.0,
            1.2,
            1.4,
            1.5999999999999999,
            1.7999999999999998,
            1.9999999999999998,
            2.1999999999999997,
            2.3999999999999995,
            2.5999999999999996,
            2.8,
            2.9999999999999996,
            3.1999999999999993,
            3.3999999999999995,
            3.5999999999999996,
            3.7999999999999994,
            3.999999999999999,
            4.199999999999999,
            4.3999999999999995,
            4.6,
            4.799999999999999,
            4.999999999999999,
            5.199999999999999,
            5.399999999999999,
            5.599999999999999,
            5.799999999999999,
            5.999999999999999,
            6.199999999999999,
            6.399999999999999,
            6.599999999999999,
            6.799999999999999
        ],
        "gains": [
            0.5748166493620754,
            0.6304611254872178,
            0.6304611254872178,
            0.6304611254872178,
            0.6304611254872178,
            0.6304611254872178,
            0.6067099587365551,
            0.6067099587365551,
            0.6067099587365551,
            0.6067099587365551,
            0.6067099587365551,
            0.600293013831726,
            0.600293013831726,
            0.600293013831726,
            0.600293013831726,
            0.600293013831726,
            0.5700736839953696,
            0.5700736839953696,
            0.5700736839953696,
            0.5700736839953696,
            0.5700736839953696,
            0.5386881627205783,
            0.5386881627205783,
            0.5386881627205783,
            0.5386881627205783,
            0.5386881627205783,
            0.5140599022725026,
            0.5140599022725026,
            0.5140599022725026,
            0.5140599022725026
        ],
        "depths": [
            0.4743589743589743,
            0.7564102564102564,
            0.7564102564102564,
            0.7564102564102564,
            0.7564102564102564,
            0.7564102564102564,
            0.9914529914529915,
            0.9914529914529915,
            0.9914529914529915,
            0.9914529914529915,
            0.9914529914529915,
            1.2264957264957266,
            1.2264957264957266,
            1.2264957264957266,
            1.2264957264957266,
            1.2264957264957266,
            1.4572649572649572,
            1.4572649572649572,
            1.4572649572649572,
            1.4572649572649572,
            1.4572649572649572,
            1.6794871794871795,
            1.6794871794871795,
            1.6794871794871795,
            1.6794871794871795,
            1.6794871794871795,
            1.9102564102564104,
            1.9102564102564104,
            1.9102564102564104,
            1.9102564102564104
        ]
    },
    "SS3": {
        "x": [
            1.0,
            1.2,
            1.4,
            1.5999999999999999,
            1.7999999999999998,
            1.9999999999999998,
            2.1999999999999997,
            2.3999999999999995,
            2.5999999999999996,
            2.8,
            2.9999999999999996,
            3.1999999999999993,
            3.3999999999999995,
            3.5999999999999996,
            3.7999999999999994,
            3.999999999999999,
            4.199999999999999,
            4.3999999999999995,
            4.6,
            4.799999999999999,
            4.999999999999999,
            5.199999999999999,
            5.399999999999999,
            5.599999999999999,
            5.799999999999999,
            5.999999999999999,
            6.199999999999999,
            6.399999999999999,
            6.599999999999999,
            6.799999999999999
        ],
        "gains": [
            0.5748166493620754,
            0.6342370359960802,
            0.6342370359960802,
            0.6342370359960802,
            0.6342370359960802,
            0.6342370359960802,
            0.6161337416973632,
            0.6161337416973632,
            0.6161337416973632,
            0.6161337416973632,
            0.6161337416973632,
            0.5828474452490215,
            0.5828474452490215,
            0.5828474452490215,
            0.5828474452490215,
            0.5828474452490215,
            0.5460429061611999,
            0.5460429061611999,
            0.5460429061611999,
            0.5460429061611999,
            0.5460429061611999,
            0.5138105400033831,
            0.5138105400033831,
            0.5138105400033831,
            0.5138105400033831,
            0.5138105400033831,
            0.4804963771087502,
            0.4804963771087502,
            0.4804963771087502,
            0.4804963771087502
        ],
        "depths": [
            0.4743589743589743,
            0.8205128205128206,
            0.8205128205128206,
            0.8205128205128206,
            0.8205128205128206,
            0.8205128205128206,
            1.1153846153846154,
            1.1153846153846154,
            1.1153846153846154,
            1.1153846153846154,
            1.1153846153846154,
            1.363247863247863,
            1.363247863247863,
            1.363247863247863,
            1.363247863247863,
            1.363247863247863,
            1.6581196581196582,
            1.6581196581196582,
            1.6581196581196582,
            1.6581196581196582,
            1.6581196581196582,
            1.9273504273504274,
            1.9273504273504274,
            1.9273504273504274,
            1.9273504273504274,
            1.9273504273504274,
            2.1709401709401708,
            2.1709401709401708,
            2.1709401709401708,
            2.1709401709401708
        ]
    },
    "SS4": {
        "x": [
            0.1,
            0.12000000000000001,
            0.14,
            0.16000000000000003,
            0.18000000000000002,
            0.2,
            0.22000000000000003,
            0.24000000000000002,
            0.26,
            0.28,
            0.30000000000000004,
            0.32000000000000006,
            0.3400000000000001,
            0.3600000000000001,
            0.38,
            0.4
        ],
        "gains": [
            0.5405276766205789,
            0.5377234385088927,
            0.5412869742528635,
            0.5324629004832522,
            0.5196797128006714,
            0.5339356870417665,
            0.5544763303345295,
            0.5489356045441788,
            0.545295012910516,
            0.527466695505958,
            0.5224953035610712,
            0.5220622168438895,
            0.5313676190837753,
            0.5263860552657561,
            0.5521465094012783,
            0.5267914573217163
        ],