{
    "SS1": {
        "x": [
            1,
            2,
            3,
            4,
            5,
            6,
            7,
            8,
            9,
            10,
            11,
            12,
            13,
            14,
            15,
            16,
            17,
            18,
            19,
            25,
            30,
            35,
            40,
            45
        ],
        "gains": [
            0.6495726495726495,
            0.6929289191927083,
            0.6881100831689481,
            0.6868630496891316,
            0.6855011751386771,
            0.6826495798232181,
            0.6863384606983152,
            0.6868963659714679,
            0.6874088804777859,
            0.6881947147981814,
            0.6910194102738497,
            0.6932978817164429,
            0.6946134649470338,
            0.6930541474853462,
            0.6945668479239414,
            0.6930833246146998,
            0.6941149840790178,
            0.6940847905534464,
            0.6936023100503528,
            0.6960675371955171,
            0.6969257790953408,
            0.6970708131541881,
            0.6968149360978019,
            0.6968149360978019
        ],
        "depths": [
            0.9957264957264957,
            1.9871794871794872,
            2.9743589743589745,
            3.9615384615384617,
            4.944444444444445,
            5.918803418803418,
            6.893162393162394,
            7.867521367521367,
            8.837606837606838,
            9.807692307692308,
            10.773504273504274,
            11.739316239316238,
            12.705128205128204,
            13.666666666666666,
            14.623931623931623,
            15.572649572649572,
            16.517094017094017,
            17.46153846153846,
            18.397435897435898,
            23.99572649572649,
            28.641025641025646,
            33.25213675213675,
            37.84615384615385,
            42.44017094017094
        ]
    },
    "SS2": {
        "x": [
            1,
            2,
            3,
            4,
            5,
            6,
            7,
            8,
            9,
            10,
            11,
            12,
            13,
            14,
            15,
            16,
            17,
            18,
            19,
            25,
            30,
            35,
            40,
            45
        ],
        "gains": [
            0.6175193949251591,
            0.6637095278205071,
            0.668285641593999,
            0.6701666060372734,
            0.6754516562889904,
            0.6773235035249577,
            0.6814584566662361,
            0.6843741321552465,
            0.6854192666834059,
            0.6824598343099196,
            0.6862353620140316,
            0.6887478312755749,
            0.6898525659707898,
            0.6909410654513873,
            0.693099544437851,
            0.6931101474954392,
            0.6941152667020907,
            0.6917696813656494,
            0.6926684974174399,
            0.6953135100925371,
            0.6969107471461625,
            0.6960063875528579,
            0.6968149360978019,
            0.6968073621524166
        ],
        "depths": [
            2.2948717948717947,
            3.5811965811965814,
            4.670940170940171,
            5.739316239316239,
            6.777777777777778,
            7.799145299145299,
            8.824786324786325,
            9.807692307692308,
            10.786324786324789,
            11.786324786324789,
            12.786324786324789,
            13.756410256410257,
            14.726495726495726,
            15.692307692307692,
            16.653846153846153,
            17.602564102564102,
            18.55128205128205,
            19.504273504273506,
            20.45299145299145,
            26.094017094017094,
            30.73076923076923,
            35.35897435897436,
            39.957264957264954,
            44.427350427350426
        ]
    },
    "SS3": {
        "x": [
            1,
            2,
            3,
            4,
            5,
            6,
            7,
            8,
            9,
            10,
            11,
            12,
            13,
            14,
            15,
            16,
            17,
            18,
            19,
            25,
            30,
            35,
            40,
            45
        ],
        "gains": [
            0.6175193949251591,
            0.6588679905480969,
            0.6653507101717264,
            0.6702084063929391,
            0.67376508257478,
            0.6740021236385738,
            0.6782451964151622,
            0.6807465769668077,
            0.6807733943802997,
            0.6805549228384246,
            0.6861099313404505,
            0.6874141970846585,
            0.6880696567648458,
            0.6891581221526678,
            0.6912948742894199,
            0.6911645354897741,
            0.6908147526544764,
            0.6909388827647099,
            0.6919276785474441,
            0.6954147797013821,
            0.6971566177107026,
            0.6960063875528579,
            0.6968073621524166,
            0.6968073621524166
        ],
        "depths": [
            2.2948717948717947,
            3.9188034188034186,
            5.2094017094017095,
            6.367521367521367,
            7.747863247863248,
            9.051282051282051,
            10.235042735042734,
            11.401709401709402,
            12.534188034188034,
            13.705128205128204,
            15.17094017094017,
            16.431623931623932,
            17.504273504273506,
            18.572649572649574,
            19.636752136752136,
            20.67094017094017,
            21.764957264957264,
            22.803418803418804,
            23.803418803418804,
            29.871794871794872,
            34.35042735042735,
            38.48717948717949,
            42.28632478632478,
            45.38034188034188
        ]
    },
    "SS4": {
        "x": [
            0.1,
            0.15000000000000002,
            0.20000000000000004,
            0.25000000000000006,
            0.30000000000000004,
            0.3500000000000001,
            0.40000000000000013,
            0.45000000000000007,
            0.5000000000000001,
            0.5500000000000002,
            0.6000000000000002,
            0.6500000000000001,
            0.7000000000000002,
            0.7500000000000002,
            0.8000000000000002,
            0.8500000000000002,
            0.9000000000000002,
            0.9500000000000003
        ],
        "gains": [
            0.6935902954406404,
            0.6932675536112431,
            0.6943190014965873,
            0.6930506598579974,
            0.6901395153529255,
            0.689769935322382,
            0.6844753675472469,
            0.6868867104582238,
            0.6889722067552827,
            0.6921727319495674,
            0.6920470422937098,
            0.6915800680634817,
            0.6954511611550379,
            0.6974736169609131,
            0.6938859195718922,
            0.694369786697775,
            0.6998844921136834,
            0.6971009410090686
        ],
        "depths": [
            2.5683760683760686,
            3.123931623931624,
            3.7820512820512824,
            4.722222222222222,
            5.606837606837606,
            6.64957264957265,
            7.97863247863248,
            9.444444444444445,
            10.790598290598291,
            12.683760683760683,
            14.559829059829061,
            16.504273504273506,
            19.44017094017094,
            21.65811965811966,
            24.299145299145298,
            28.145299145299145,
            32.175213675213676,
            36.072649572649574
        ]
    },