{
    "SS1": {
        "x": [
            1,
            2,
            3,
            4,
            5,
            6,
            7,
            8,
            9,
            10,
            11,
            12,
            13,
            14,
            15,
            16,
            17,
            18,
            19,
            25,
            30,
            35,
            40,
            45
        ],
        "gains": [
            0.13675213675213668,
            0.1524930964749984,
            0.1565115532003322,
            0.1577306933964195,
            0.1599781859129895,
            0.16063719325955447,
            0.16030294915270066,
            0.16053529123891147,
            0.16190745451927274,
            0.16168923914889916,
            0.16159300577368865,
            0.16136349813125178,
            0.1626764812989526,
            0.16271985227549496,
            0.16271985227549496,
            0.16271985227549496,
            0.16271985227549496,
            0.16271985227549496,
            0.16271985227549496,
            0.16183452208767032,
            0.1627327495323567,
            0.1627327495323567,
            0.16277836710531063,
            0.16277836710531063
        ],
        "depths": [
            0.21367521367521367,
            0.42735042735042733,
            0.6410256410256411,
            0.8547008547008547,
            1.0683760683760684,
            1.2820512820512822,
            1.4957264957264957,
            1.7094017094017093,
            1.9230769230769231,
            2.1367521367521367,
            2.3504273504273505,
            2.5641025641025643,
            2.7777777777777772,
            2.9914529914529915,
            3.2051282051282057,
            3.4188034188034186,
            3.6324786324786325,
            3.8461538461538463,
            4.05982905982906,
            5.3418803418803416,
            6.4102564102564115,
            7.47863247863248,
            8.547008547008547,
            9.615384615384615
        ]
    },
    "SS2": {
        "x": [
            1,
            2,
            3,
            4,
            5,
            6,
            7,
            8,
            9,
            10,
            11,
            12,
            13,
            14,
            15,
            16,
            17,
            18,
            19,
            25,
            30,
            35,
            40,
            45
        ],
        "gains": [
            0.13013763793296984,
            0.15142030387939384,
            0.1548900504197962,
            0.15570907481440163,
            0.15878069621634158,
            0.16039449653705937,
            0.16062100154634973,
            0.16040278617597614,
            0.1614597315064623,
            0.16136349813125178,
            0.16140686910779414,
            0.1615974183650796,
            0.16271985227549496,
            0.16271985227549496,
            0.16271985227549496,
            0.16271985227549496,
            0.16271985227549496,
            0.16183452208767032,
            0.16183452208767032,
            0.16186183052769645,
            0.1627327495323567,
            0.16277836710531063,
            0.16277836710531063,
            0.16277836710531063
        ],
        "depths": [
            0.4743589743589743,
            0.7564102564102564,
            0.9914529914529915,
            1.2264957264957266,
            1.4572649572649572,
            1.6794871794871795,
            1.9102564102564104,
            2.128205128205128,
            2.3504273504273505,
            2.5683760683760686,
            2.790598290598291,
            3.0085470085470085,
            3.226495726495726,
            3.4401709401709404,
            3.6538461538461537,
            3.8675213675213675,
            4.081196581196581,
            4.299145299145299,
            4.512820512820513,
            5.799145299145299,
            6.871794871794871,
            7.9444444444444455,
            9.012820512820513,
            10.072649572649572
        ]
    },
    "SS3": {
        "x": [
            1,
            2,
            3,
            4,
            5,
            6,
            7,
            8,
            9,
            10,
            11,
            12,
            13,
            14,
            15,
            16,
            17,
            18,
            19,
            25,
            30,
            35,
            40,
            45
        ],
        "gains": [
            0.13013763793296984,
            0.15084345884062536,
            0.15386857670297688,
            0.15590005345768626,
            0.1592312047701258,
            0.16062100154634973,
            0.16039149390391289,
            0.16019550320619652,
            0.1616936517402901,
            0.1615974183650796,
            0.1615974183650796,
            0.16078501419023503,
            0.16190744810065036,
            0.16190744810065036,
            0.16190744810065036,
            0.16190744810065036,
            0.16190744810065036,
            0.16190744810065036,
            0.16190744810065036,
            0.16190744810065036,
            0.16277836710531063,
            0.16277836710531063,
            0.16277836710531063,
            0.16277836710531063
        ],
        "depths": [
            0.4743589743589743,
            0.8205128205128206,
            1.1153846153846154,
            1.363247863247863,
            1.6581196581196582,
            1.9273504273504274,
            2.1709401709401708,
            2.452991452991453,
            2.76068376068376,
            3.017094017094017,
            3.2307692307692313,
            3.5598290598290596,
            3.8290598290598292,
            4.042735042735043,
            4.252136752136752,
            4.461538461538462,
            4.670940170940171,
            4.880341880341881,
            5.089743589743589,
            6.346153846153846,
            7.47863247863248,
            8.504273504273504,
            9.457264957264957,
            10.282051282051283
        ]
    },
    "SS4": {
        "x": [
            0.1,
            0.15000000000000002,
            0.20000000000000004,
            0.25000000000000006,
            0.30000000000000004,
            0.3500000000000001,
            0.40000000000000013,
            0.45000000000000007,
            0.5000000000000001,
            0.5500000000000002,
            0.6000000000000002,
            0.6500000000000001,
            0.7000000000000002,
            0.7500000000000002,
            0.8000000000000002,
            0.8500000000000002,
            0.9000000000000002,
            0.9500000000000003
        ],
        "gains": [
            0.15479208496326718,
            0.1560815724118506,
            0.1599327123367219,
            0.16319218343937028,
            0.1629406572730802,
            0.1625243975152519,
            0.15975560528562036,
            0.15979527751229253,
            0.15981431736411375,
            0.15983546366799892,
            0.16019442483742447,
            0.16019442483742447,
            0.16279386097804827,
            0.16279386097804827,
            0.16193583923024976,
            0.16193583923024976,
            0.16280675823491003,
            0.16282898290756723
        ],
        "depths": [
            0.5470085470085471,
            0.6880341880341879,
            0.8290598290598291,
            1.0598290598290598,
            1.3034188034188035,
            1.4658119658119657,
            1.8589743589743588,
            2.3205128205128207,
            2.7051282051282057,
            3.3547008547008548,
            3.91025641025641,
            4.44017094017094,
            4.8247863247863245,
            5.457264957264957,
            6.6752136752136755,
            7.435897435897435,
            7.982905982905983,
            8.735042735042734
        ]
    },